{
    "blender_ip": "127.0.0.1",
    "blender_port": 5000,
    "camera_index": 0,
    "draw_mesh": true,
    "groups": {
        "Armature_L_Hand": {
            "x": {
                "mode": "None",
                "point_a": 0,
                "point_b": 0,
                "radius_min": 0.0,
                "radius_max": 1.0,
                "out_min": 0.0,
                "out_max": 1.0,
                "sens": 1.0,
                "exp_power": 1.2000000476837158,
                "lerp_en": false,
                "lerp_fac": 0.15000000596046448
            },
            "y": {
                "mode": "None",
                "point_a": 0,
                "point_b": 0,
                "radius_min": 0.0,
                "radius_max": 1.0,
                "out_min": 0.0,
                "out_max": 1.0,
                "sens": 1.0,
                "exp_power": 1.2000000476837158,
                "lerp_en": false,
                "lerp_fac": 0.15000000596046448
            }
        }
    },
    "active_models": [
        "Hand",
        "Face"
    ],
    "hand_setup": {
        "thumb": {
            "tip": 4,
            "base": 0,
            "rmin": 0.05000000074505806,
            "rmax": 0.15000000596046448
        },
        "index": {
            "tip": 8,
            "base": 0,
            "rmin": 0.05000000074505806,
            "rmax": 0.15000000596046448
        },
        "middle": {
            "tip": 12,
            "base": 0,
            "rmin": 0.05000000074505806,
            "rmax": 0.15000000596046448
        },
        "ring": {
            "tip": 16,
            "base": 0,
            "rmin": 0.05000000074505806,
            "rmax": 0.15000000596046448
        },
        "pinky": {
            "tip": 20,
            "base": 0,
            "rmin": 0.05000000074505806,
            "rmax": 0.15000000596046448
        }
    }
}