{
    "x": {
        "radius_min": 0.29350000619888306,
        "radius_max": 0.396699994802475,
        "out_min": -1.0,
        "out_max": 1.0,
        "sens": 1.0,
        "lerp_en": false,
        "lerp_fac": 0.15000000596046448,
        "point_a": 291,
        "point_b": 61,
        "mode": "2pt",
        "exp_power": 1.2000000476837158
    },
    "y": {
        "radius_min": 0.0625,
        "radius_max": 0.43970000743865967,
        "out_min": -1.0,
        "out_max": 1.0,
        "sens": 1.25,
        "point_a": 0,
        "point_b": 16,
        "lerp_en": false,
        "lerp_fac": 0.15000000596046448,
        "mode": "2pt",
        "exp_power": 1.2000000476837158
    }
}